repository_language,month,creates
Tcl,2014-08,22
AutoHotkey,2014-08,9
PowerShell,2014-08,1
FORTRAN,2014-08,2
Scala,2014-08,2
JavaScript,2014-08,297
C,2014-08,27
Arduino,2014-08,9
Cuda,2014-08,2
Haskell,2014-08,4
VimL,2014-08,11
,2014-08,499198
Prolog,2014-08,1
Ruby,2014-08,125
CSS,2014-08,206
C++,2014-08,36
Puppet,2014-08,2
Processing,2014-08,4
Logos,2014-08,2
BlitzBasic,2014-08,1
Java,2014-08,117
Go,2014-08,4
Matlab,2014-08,5
PHP,2014-08,71
ColdFusion,2014-08,1
Dart,2014-08,3
C#,2014-08,18
Objective-C,2014-08,119
TeX,2014-08,52
Perl,2014-08,34
CoffeeScript,2014-08,5
Swift,2014-08,31
Clojure,2014-08,2
Racket,2014-08,1
Shell,2014-08,28
Python,2014-08,123
R,2014-08,65
Lua,2014-08,1
AppleScript,2014-08,1
Groovy,2014-08,1
Elixir,2014-08,1
Elixir,2014-07,3
Haskell,2014-07,5
Arduino,2014-07,5
C#,2014-07,6
Rust,2014-07,1
Erlang,2014-07,1
Julia,2014-07,1
Lua,2014-07,6
IDL,2014-07,1
F#,2014-07,1
Haxe,2014-07,1
Clojure,2014-07,1
CoffeeScript,2014-07,5
VimL,2014-07,13
Groovy,2014-07,4
Scheme,2014-07,4
Racket,2014-07,2
C,2014-07,18
Ruby,2014-07,335
Perl,2014-07,10
CSS,2014-07,301
Python,2014-07,87
Swift,2014-07,23
Scala,2014-07,3
C++,2014-07,31
ColdFusion,2014-07,1
Matlab,2014-07,2
SourcePawn,2014-07,1
Shell,2014-07,27
TeX,2014-07,26
M,2014-07,1
JavaScript,2014-07,428
,2014-07,558066
PHP,2014-07,54
Java,2014-07,73
XSLT,2014-07,2
R,2014-07,58
Objective-C,2014-07,88
Go,2014-07,4
Squirrel,2014-06,1
Java,2014-06,56
Matlab,2014-06,2
Python,2014-06,71
Swift,2014-06,24
Julia,2014-06,1
Processing,2014-06,2
Puppet,2014-06,1
PowerShell,2014-06,1
Groovy,2014-06,1
R,2014-06,46
Arduino,2014-06,5
CSS,2014-06,63
VimL,2014-06,11
C,2014-06,14
AppleScript,2014-06,1
,2014-06,464809
CoffeeScript,2014-06,1
Lua,2014-06,1
Scala,2014-06,2
C#,2014-06,3
JavaScript,2014-06,187
C++,2014-06,15
TeX,2014-06,2
Ruby,2014-06,109
Shell,2014-06,9
Objective-C,2014-06,63
Perl,2014-06,12
Clojure,2014-06,2
PHP,2014-06,51
Haskell,2014-06,2
Arduino,2014-05,2
Java,2014-05,48
Objective-C,2014-05,47
Processing,2014-05,4
VimL,2014-05,7
Python,2014-05,84
CoffeeScript,2014-05,13
Scheme,2014-05,1
Crystal,2014-05,1
Haskell,2014-05,2
Shell,2014-05,11
JavaScript,2014-05,254
Matlab,2014-05,2
Clojure,2014-05,3
Perl,2014-05,6
FORTRAN,2014-05,1
TeX,2014-05,3
C++,2014-05,12
PowerShell,2014-05,1
R,2014-05,31
Go,2014-05,10
Assembly,2014-05,1
Rebol,2014-05,1
Objective-C++,2014-05,1
Groovy,2014-05,1
Logos,2014-05,1
Emacs Lisp,2014-05,1
Scala,2014-05,1
,2014-05,496241
CSS,2014-05,69
ActionScript,2014-05,1
PHP,2014-05,51
F#,2014-05,1
Ruby,2014-05,95
C,2014-05,11
Erlang,2014-05,1
JavaScript,2014-04,128
Ruby,2014-04,179
PHP,2014-04,46
Rust,2014-04,1
Perl,2014-04,12
Shell,2014-04,10
TeX,2014-04,6
Groovy,2014-04,1
Java,2014-04,55
C,2014-04,15
Processing,2014-04,7
CSS,2014-04,58
Visual Basic,2014-04,1
C++,2014-04,11
Objective-C,2014-04,54
Clojure,2014-04,1
Puppet,2014-04,1
VimL,2014-04,13
Haskell,2014-04,1
Python,2014-04,76
Matlab,2014-04,2
Assembly,2014-04,1
AppleScript,2014-04,1
Ada,2014-04,1
Scala,2014-04,5
Arduino,2014-04,1
Go,2014-04,2
Emacs Lisp,2014-04,9
,2014-04,489953
R,2014-04,35
Squirrel,2014-04,1
Objective-C++,2014-04,1
CoffeeScript,2014-04,4
Matlab,2014-03,4
Python,2014-03,123
Erlang,2014-03,1
Haskell,2014-03,3
CSS,2014-03,70
C++,2014-03,38
Arduino,2014-03,9
Perl,2014-03,10
C,2014-03,63
Visual Basic,2014-03,1
CoffeeScript,2014-03,5
Lua,2014-03,2
Java,2014-03,65
Dart,2014-03,2
XSLT,2014-03,1
,2014-03,472898
Processing,2014-03,5
M,2014-03,1
VimL,2014-03,17
C#,2014-03,4
R,2014-03,440
Scala,2014-03,3
ActionScript,2014-03,3
Ruby,2014-03,155
Objective-C,2014-03,74
PHP,2014-03,64
Shell,2014-03,11
DOT,2014-03,2
JavaScript,2014-03,196
Haxe,2014-03,1
Groovy,2014-03,2
Elixir,2014-03,1
Go,2014-03,1
Logos,2014-03,2
TeX,2014-03,2
FORTRAN,2014-03,13
Awk,2014-02,1
C++,2014-02,23
R,2014-02,3
Perl,2014-02,9
TeX,2014-02,3
,2014-02,417145
CSS,2014-02,102
ColdFusion,2014-02,1
Logos,2014-02,3
PHP,2014-02,47
JavaScript,2014-02,144
Python,2014-02,41
Julia,2014-02,1
Java,2014-02,51
OpenEdge ABL,2014-02,1
Arduino,2014-02,5
CoffeeScript,2014-02,2
Matlab,2014-02,2
Objective-C,2014-02,38
C#,2014-02,3
Go,2014-02,1
Emacs Lisp,2014-02,1
C,2014-02,15
Haskell,2014-02,2
Clojure,2014-02,1
Scala,2014-02,5
Max,2014-02,2
VimL,2014-02,12
Lua,2014-02,3
ASP,2014-02,1
Shell,2014-02,7
Processing,2014-02,5
Ruby,2014-02,77
Scala,2014-01,2
Visual Basic,2014-01,1
Puppet,2014-01,1
CoffeeScript,2014-01,4
Shell,2014-01,8
R,2014-01,5
C#,2014-01,3
Processing,2014-01,3
Java,2014-01,41
LiveScript,2014-01,1
Standard ML,2014-01,1
TeX,2014-01,1
Python,2014-01,26
Objective-C,2014-01,38
Haskell,2014-01,2
Perl,2014-01,1
,2014-01,413943
Ruby,2014-01,111
Arduino,2014-01,4
CSS,2014-01,110
Go,2014-01,6
JavaScript,2014-01,460
C++,2014-01,8
PHP,2014-01,40
VimL,2014-01,30
C,2014-01,11
,2013-12,349854
Haskell,2013-12,1
C,2013-12,15
Objective-C,2013-12,36
Groovy,2013-12,1
OpenEdge ABL,2013-12,1
CoffeeScript,2013-12,7
Julia,2013-12,1
VimL,2013-12,1
Scala,2013-12,5
ActionScript,2013-12,2
Python,2013-12,24
Perl,2013-12,82
CSS,2013-12,137
Java,2013-12,46
Puppet,2013-12,3
Elixir,2013-12,1
Processing,2013-12,1
Arduino,2013-12,5
C#,2013-12,1
R,2013-12,7
Shell,2013-12,12
TeX,2013-12,3
Dart,2013-12,1
Ruby,2013-12,111
Go,2013-12,8
PHP,2013-12,28
JavaScript,2013-12,192
C++,2013-12,16
CoffeeScript,2013-11,5
Objective-C,2013-11,49
Java,2013-11,69
Ruby,2013-11,107
ActionScript,2013-11,1
Scala,2013-11,5
Lua,2013-11,1
Dart,2013-11,1
Groovy,2013-11,3
C#,2013-11,5
Python,2013-11,43
Perl,2013-11,191
C,2013-11,14
Puppet,2013-11,1
R,2013-11,5
Erlang,2013-11,5
SuperCollider,2013-11,1
VimL,2013-11,29
Clojure,2013-11,3
Processing,2013-11,4
,2013-11,382397
CSS,2013-11,152
JavaScript,2013-11,148
Assembly,2013-11,1
Scheme,2013-11,1
Arduino,2013-11,5
Matlab,2013-11,2
PHP,2013-11,50
C++,2013-11,19
Elixir,2013-11,1
Shell,2013-11,10
Emacs Lisp,2013-11,1
Go,2013-11,3
CSS,2013-10,324
AppleScript,2013-10,1
PHP,2013-10,146
Dart,2013-10,1
Assembly,2013-10,1
Go,2013-10,12
Objective-C,2013-10,98
OCaml,2013-10,1
Erlang,2013-10,7
Pascal,2013-10,2
Haxe,2013-10,2
,2013-10,378488
Haskell,2013-10,3
Processing,2013-10,16
JavaScript,2013-10,263
ActionScript,2013-10,3
Rust,2013-10,1
F#,2013-10,1
Java,2013-10,137
Eiffel,2013-10,1
Bro,2013-10,1
Visual Basic,2013-10,2
Lua,2013-10,1
Prolog,2013-10,1
C++,2013-10,60
Shell,2013-10,27
Arduino,2013-10,16
Awk,2013-10,1
CoffeeScript,2013-10,10
XSLT,2013-10,1
Python,2013-10,116
Julia,2013-10,2
C,2013-10,69
Matlab,2013-10,4
Elixir,2013-10,1
R,2013-10,12
Ruby,2013-10,228
Puppet,2013-10,3
C#,2013-10,17
Groovy,2013-10,4
Scala,2013-10,5
Racket,2013-10,1
Clojure,2013-10,3
VimL,2013-10,2
Perl,2013-10,14
C,2013-09,20
PHP,2013-09,41
,2013-09,306629
Processing,2013-09,4
Go,2013-09,4
Lua,2013-09,1
Assembly,2013-09,1
Dart,2013-09,1
Racket,2013-09,2
Vala,2013-09,1
OCaml,2013-09,1
Rust,2013-09,1
Perl,2013-09,13
SuperCollider,2013-09,2
Scala,2013-09,7
Java,2013-09,94
Shell,2013-09,10
JavaScript,2013-09,201
Clojure,2013-09,3
Emacs Lisp,2013-09,2
Ruby,2013-09,108
Julia,2013-09,1
Matlab,2013-09,1
Puppet,2013-09,1
Haskell,2013-09,3
CoffeeScript,2013-09,7
Objective-C,2013-09,103
Python,2013-09,97
VimL,2013-09,14
AppleScript,2013-09,2
C++,2013-09,27
R,2013-09,4
Arduino,2013-09,6
CSS,2013-09,102
Common Lisp,2013-09,1
C#,2013-09,18
C,2013-08,26
Erlang,2013-08,1
C++,2013-08,21
D,2013-08,1
PHP,2013-08,85
Julia,2013-08,3
Groovy,2013-08,3
Haskell,2013-08,1
Shell,2013-08,21
,2013-08,306800
M,2013-08,1
Java,2013-08,74
VimL,2013-08,11
Ruby,2013-08,117
Logos,2013-08,3
Emacs Lisp,2013-08,1
FORTRAN,2013-08,1
Scala,2013-08,2
C#,2013-08,8
Clojure,2013-08,5
Go,2013-08,3
R,2013-08,12
Processing,2013-08,3
ASP,2013-08,1
Racket,2013-08,1
CSS,2013-08,110
JavaScript,2013-08,241
ActionScript,2013-08,2
Python,2013-08,70
Lua,2013-08,1
Perl,2013-08,10
Elixir,2013-08,3
Haxe,2013-08,1
Objective-C,2013-08,113
CoffeeScript,2013-08,4
Matlab,2013-08,1
Arduino,2013-08,4
Common Lisp,2013-08,1
C,2013-07,6
PHP,2013-07,30
CoffeeScript,2013-07,5
C++,2013-07,39
PowerShell,2013-07,1
D,2013-07,1
Common Lisp,2013-07,1
Go,2013-07,3
Perl,2013-07,10
,2013-07,332224
R,2013-07,4
Erlang,2013-07,1
CSS,2013-07,10
Shell,2013-07,12
Lua,2013-07,6
Matlab,2013-07,2
Groovy,2013-07,1
JavaScript,2013-07,188
Ruby,2013-07,79
Python,2013-07,50
Scala,2013-07,4
Haskell,2013-07,1
Arduino,2013-07,8
Objective-C,2013-07,67
Puppet,2013-07,9
Visual Basic,2013-07,1
M,2013-07,1
C#,2013-07,1
Java,2013-07,48
VimL,2013-07,1
AppleScript,2013-06,1
Dart,2013-06,1
Erlang,2013-06,1
Processing,2013-06,1
Arduino,2013-06,6
Python,2013-06,22
CoffeeScript,2013-06,2
XSLT,2013-06,1
Haskell,2013-06,15
C++,2013-06,9
Ruby,2013-06,33
Clojure,2013-06,1
R,2013-06,4
PowerShell,2013-06,1
VimL,2013-06,1
C,2013-06,14
Haxe,2013-06,1
Shell,2013-06,7
PHP,2013-06,32
Scheme,2013-06,1
Java,2013-06,23
ASP,2013-06,1
,2013-06,343325
Objective-C,2013-06,35
JavaScript,2013-06,60
ActionScript,2013-06,1
Perl,2013-06,8
Lua,2013-06,2
Go,2013-06,4
Matlab,2013-05,4
Groovy,2013-05,1
Dart,2013-05,1
Java,2013-05,94
Objective-C,2013-05,59
,2013-05,303635
JavaScript,2013-05,232
Python,2013-05,91
PHP,2013-05,167
CoffeeScript,2013-05,12
VimL,2013-05,3
Shell,2013-05,13
Lua,2013-05,6
C#,2013-05,12
R,2013-05,9
Haskell,2013-05,3
ColdFusion,2013-05,1
Puppet,2013-05,5
Common Lisp,2013-05,1
Logos,2013-05,3
Processing,2013-05,4
Scala,2013-05,5
C,2013-05,32
Go,2013-05,7
F#,2013-05,1
Visual Basic,2013-05,2
Perl,2013-05,15
LiveScript,2013-05,1
C++,2013-05,30
ActionScript,2013-05,3
Elixir,2013-05,1
FORTRAN,2013-05,1
Ruby,2013-05,166
Emacs Lisp,2013-05,2
XML,2013-05,3
Arduino,2013-05,5
Clojure,2013-05,3
Delphi,2013-05,2
Assembly,2013-05,1
Haskell,2013-04,1
Matlab,2013-04,4
Haxe,2013-04,1
Scala,2013-04,2
Perl,2013-04,6
SuperCollider,2013-04,1
ActionScript,2013-04,2
CoffeeScript,2013-04,1
Delphi,2013-04,1
Lua,2013-04,1
R,2013-04,4
Go,2013-04,1
Groovy,2013-04,1
Puppet,2013-04,1
,2013-04,306268
PHP,2013-04,36
VimL,2013-04,3
C#,2013-04,5
Arduino,2013-04,5
Clojure,2013-04,5
JavaScript,2013-04,177
Python,2013-04,40
C,2013-04,26
C++,2013-04,15
Ruby,2013-04,95
Processing,2013-04,6
Shell,2013-04,12
Java,2013-04,76
Objective-C,2013-04,66
Puppet,2013-03,2
Scala,2013-03,1
C#,2013-03,3
CoffeeScript,2013-03,2
Shell,2013-03,11
Objective-C,2013-03,53
Groovy,2013-03,1
R,2013-03,3
PHP,2013-03,19
Processing,2013-03,1
Arduino,2013-03,1
ActionScript,2013-03,1
VimL,2013-03,1
ColdFusion,2013-03,1
Python,2013-03,20
Haskell,2013-03,1
JavaScript,2013-03,70
Java,2013-03,38
Perl,2013-03,6
C++,2013-03,14
C,2013-03,9
F#,2013-03,1
Go,2013-03,1
,2013-03,312256
Ruby,2013-03,50
Go,2013-02,2
Emacs Lisp,2013-02,2
CoffeeScript,2013-02,2
C++,2013-02,9
Shell,2013-02,1
Perl,2013-02,6
Scala,2013-02,1
Haskell,2013-02,1
R,2013-02,4
VimL,2013-02,1
Python,2013-02,14
Apex,2013-02,1
Groovy,2013-02,3
Ruby,2013-02,30
,2013-02,261493
C#,2013-02,1
Objective-C,2013-02,65
Arduino,2013-02,1
Clojure,2013-02,1
JavaScript,2013-02,53
PHP,2013-02,19
C,2013-02,7
Java,2013-02,32
Racket,2013-02,1
ActionScript,2013-01,1
,2013-01,263790
AppleScript,2013-01,1
Arduino,2013-01,1
Java,2013-01,38
Python,2013-01,11
Objective-C,2013-01,49
JavaScript,2013-01,67
Perl,2013-01,4
C++,2013-01,11
Shell,2013-01,3
Scala,2013-01,2
Ruby,2013-01,33
Clojure,2013-01,2
C,2013-01,4
Groovy,2013-01,2
Haskell,2013-01,1
PHP,2013-01,24
PHP,2012-12,29
Objective-C,2012-12,44
C++,2012-12,12
Python,2012-12,29
AppleScript,2012-12,2
ColdFusion,2012-12,1
VimL,2012-12,1
Shell,2012-12,8
CoffeeScript,2012-12,4
Scala,2012-12,2
R,2012-12,4
Racket,2012-12,2
Puppet,2012-12,1
Perl,2012-12,2
Eiffel,2012-12,1
Prolog,2012-12,1
Arduino,2012-12,4
JavaScript,2012-12,64
Haskell,2012-12,1
Java,2012-12,59
Elixir,2012-12,1
ActionScript,2012-12,1
Lua,2012-12,2
Ruby,2012-12,73
Rust,2012-12,1
Clojure,2012-12,2
C,2012-12,9
,2012-12,215292
Perl,2012-11,4
FORTRAN,2012-11,1
Lua,2012-11,1
Arduino,2012-11,1
R,2012-11,1
VimL,2012-11,2
Objective-C,2012-11,34
Java,2012-11,28
PHP,2012-11,32
Python,2012-11,14
Apex,2012-11,7
ColdFusion,2012-11,1
ActionScript,2012-11,2
Ruby,2012-11,35
C,2012-11,6
Puppet,2012-11,1
JavaScript,2012-11,47
PowerShell,2012-11,1
AppleScript,2012-11,1
,2012-11,231376
Scala,2012-11,2
Shell,2012-11,5
C++,2012-11,9
Go,2012-11,1
Ada,2012-11,1
Clojure,2012-11,1
Emacs Lisp,2012-10,1
C#,2012-10,2
Lua,2012-10,2
Clojure,2012-10,3
Arduino,2012-10,1
Perl,2012-10,6
PHP,2012-10,28
VimL,2012-10,2
Ruby,2012-10,45
Matlab,2012-10,1
Scala,2012-10,3
Python,2012-10,22
C++,2012-10,13
Java,2012-10,51
JavaScript,2012-10,54
R,2012-10,2
,2012-10,226090
Erlang,2012-10,2
Common Lisp,2012-10,1
AppleScript,2012-10,2
CoffeeScript,2012-10,2
Prolog,2012-10,1
Objective-C,2012-10,37
C,2012-10,5
Shell,2012-10,8
C++,2012-09,23
Java,2012-09,35
C#,2012-09,11
Arduino,2012-09,3
CoffeeScript,2012-09,3
Python,2012-09,27
Ruby,2012-09,68
Haskell,2012-09,1
Prolog,2012-09,1
VimL,2012-09,10
Go,2012-09,2
,2012-09,261501
Perl,2012-09,3
Objective-C,2012-09,22
C,2012-09,14
Lua,2012-09,2
Shell,2012-09,7
PHP,2012-09,35
Pure Data,2012-09,1
Scala,2012-09,2
JavaScript,2012-09,63
C++,2012-08,68
Shell,2012-08,68
Python,2012-08,232
D,2012-08,2
PHP,2012-08,176
Ruby,2012-08,450
Rust,2012-08,2
Puppet,2012-08,2
JavaScript,2012-08,314
Groovy,2012-08,4
Java,2012-08,218
Objective-C,2012-08,62
Erlang,2012-08,2
Common Lisp,2012-08,4
Visual Basic,2012-08,8
Lua,2012-08,30
OCaml,2012-08,4
ColdFusion,2012-08,8
XQuery,2012-08,4
C,2012-08,48
Delphi,2012-08,8
Perl,2012-08,42
VimL,2012-08,50
,2012-08,499542
Dart,2012-08,4
C#,2012-08,30
ActionScript,2012-08,4
Haskell,2012-08,20
F#,2012-08,6
Emacs Lisp,2012-08,8
Scala,2012-08,24
ASP,2012-08,4
CoffeeScript,2012-08,4
Arduino,2012-08,6
Clojure,2012-08,6
Clojure,2012-07,2
ColdFusion,2012-07,2
Pure Data,2012-07,2
,2012-07,425936
Python,2012-07,154
Emacs Lisp,2012-07,16
PHP,2012-07,94
C++,2012-07,22
Perl,2012-07,12
Assembly,2012-07,2
Scala,2012-07,24
Haskell,2012-07,4
ActionScript,2012-07,2
Shell,2012-07,24
Puppet,2012-07,8
Go,2012-07,12
Ruby,2012-07,198
C,2012-07,34
Objective-C,2012-07,38
Lua,2012-07,4
Common Lisp,2012-07,2
Arduino,2012-07,2
Vala,2012-07,2
ASP,2012-07,6
CoffeeScript,2012-07,6
C#,2012-07,16
FORTRAN,2012-07,2
JavaScript,2012-07,114
VimL,2012-07,16
Java,2012-07,74
Groovy,2012-07,4
Erlang,2012-07,6
Lua,2012-06,2
Groovy,2012-06,2
C#,2012-06,8
,2012-06,357104
Shell,2012-06,20
Vala,2012-06,6
JavaScript,2012-06,52
Java,2012-06,44
C++,2012-06,20
Ruby,2012-06,141
ASP,2012-06,3
Scala,2012-06,10
Python,2012-06,60
Haskell,2012-06,2
Scheme,2012-06,2
CoffeeScript,2012-06,9
C,2012-06,46
PHP,2012-06,35
VimL,2012-06,12
VHDL,2012-06,3
Perl,2012-06,30
Matlab,2012-06,3
Go,2012-06,2
Objective-C,2012-06,8
Perl,2012-05,12
C,2012-05,18
Lua,2012-05,3
Ruby,2012-05,219
Python,2012-05,69
Scala,2012-05,9
Clojure,2012-05,6
Emacs Lisp,2012-05,6
Groovy,2012-05,6
Objective-C,2012-05,24
Shell,2012-05,15
R,2012-05,6
Haskell,2012-05,9
Kotlin,2012-05,3
VimL,2012-05,45
Puppet,2012-05,3
C#,2012-05,6
,2012-05,438726
CoffeeScript,2012-05,3
Assembly,2012-05,3
C++,2012-05,12
JavaScript,2012-05,87
Java,2012-05,36
PHP,2012-05,33
Haskell,2012-04,9
R,2012-04,9
,2012-04,415860
Arduino,2012-04,6
Emacs Lisp,2012-04,306
JavaScript,2012-04,147
Ruby,2012-04,207
Racket,2012-04,3
Perl,2012-04,15
Puppet,2012-04,9
C++,2012-04,24
Clojure,2012-04,15
PHP,2012-04,51
Matlab,2012-04,6
C#,2012-04,9
Groovy,2012-04,9
Lua,2012-04,3
Scala,2012-04,12
Tcl,2012-04,3
VimL,2012-04,45
CoffeeScript,2012-04,15
Go,2012-04,6
Shell,2012-04,51
Python,2012-04,108
C,2012-04,21
Common Lisp,2012-04,3
Objective-C,2012-04,81
Java,2012-04,180
Common Lisp,2012-03,9
CoffeeScript,2012-03,6
Haskell,2012-03,6
D,2012-03,3
R,2012-03,3
Shell,2012-03,30
Clojure,2012-03,3
C,2012-03,27
Scala,2012-03,6
Arduino,2012-03,3
Matlab,2012-03,6
C#,2012-03,9
Prolog,2012-03,3
ActionScript,2012-03,3
,2012-03,284217
Ruby,2012-03,225
Python,2012-03,120
Groovy,2012-03,3
Scheme,2012-03,3
PHP,2012-03,87
Lua,2012-03,3
Verilog,2012-03,3
Objective-C,2012-03,90
Perl,2012-03,15
VimL,2012-03,24
C++,2012-03,42
Java,2012-03,126
JavaScript,2012-03,141
